seq #,start,end,peptide source,peptide,peptide length,bepipred3 score
1,3,308,bepipred-3.0,PHALSGGSDQATRVYQDLGGPSQAPEAAAKGPGTGPGNGLGEKGDTSGPEGSGGSGPQRRGGDNHGRGRGRGRGRGGGRPGAPGGSGSGPRHRDGVRRPQKRPSCIGCKGTHGGTGAGAGAGGAGAGGAGAGGGAGAGGGAGGAGGAGGAGAGGGAGAGGGAGGAGGAGAGGGAGAEAAAKRVLSVVVLLGPGPGTMFEVSVAFGPGPGACMLSAPLEKGPGPGLPQGQLTAYGPGPGFLDKGTYTLGPGPGVFSDEIPASQDMPTNTEAAAKPPMVEGAAAEGDDGDGPGPGSDREVRGSALYEA,306,0.236
2,12,315,bepipred-3.0,AAGGSCPSLDVDSIIPRTPDVLHEDEAAAKGPGTGPGNGLGEKGDTSGPEGSGGSGPQRRGGDNHGRGRGRGRGRGGGRPGAPGGSGSGPRHRDGVRRPQKRPSCIGCKGTHGGTGAGAGAGGAGAGGAGAGGGAGAGGGAGGAGGAGGAGAGGGAGAGGGAGGAGGAGAGGGAGAEAAAKRVLSVVVLLGPGPGTMFEVSVAFGPGPGACMLSAPLEKGPGPGLPQGQLTAYGPGPGFLDKGTYTLGPGPGPLEKQLFYYIGTMLPNTRPHEAAAKPPMVEGAAAEGDDGDGPGPGSDREVRG,304,0.236
3,4,267,bepipred-3.0,VAAWTLKAAAGGSDLERGPPGPRRPPRGPPLSGPGTGPGNGLGEKGDTSGPEGSGGSGPQRRGGDNHGRGRGRGRGRGGGRPGAPGGSGSGPRHRDGVRRPQKRPSCIGCKGTHGGTGAGAGAGGAGAGGAGAGGGAGAGGGAGGAGGAGGAGAGGGAGAGGGAGGAGGAGAGGGAGAEAAAKVPKPNVEVWGPGPGRQIPKIQNFGPGPGMVFLQTHIFAEVLKDGPGPGSALIAGGSILQTNFKEAAAKNEIFLTKKMTEVC,264,0.258
4,4,236,bepipred-3.0,VAAWTLKAAAGGSGPGTGPGNGLGEKGDTSGPEGSGGSGPQRRGGDNHGRGRGRGRGRGGGRPGAPGGSGSGPRHRDGVRRPQKRPSCIGCKGTHGGTGAGAGAGGAGAGGAGAGGGAGAGGGAGGAGGAGGAGAGGGAGAGGGAGGAGGAGAGGGAGAEAAAKFLDKGTYTLGPGPGTVMEIAGLYGPGPGTSKFLMGTYKRVTEKGPGPGRHHLLVSGAEAAAKLPPWFPP,233,0.247
5,6,140,bepipred-3.0,AWTLKAAAGGSDQATRVYQDLGGPSQAPPGIDELAQQHASGEGPGINPISKTAAAAALERGPPGPRRPPRGPPLSAAAAAGTYKRVTEKAAAAADPYQVPFVAAAAAYQAYAAPQLFAAAAAATVKGMQSYAAAA,135,0.195
5,143,247,bepipred-3.0,ALYLQQNWAAAAANSTNITAVVRAQGLDAAAAADPPFNSILFALLAAAAAAAANFKSLSSTEFIPNLFAAAAAASCFTASVSTVVSATAAAAATPDILPVVTRNL,105,0.177
6,11,212,bepipred-3.0,AAAGGSPGIDELAQQHASGEGPGINPISKTAAAAADQATRVYQDLGGPSQAPAAAAAYQAYAAPQLFAAAAAGTYKRVTEKAAAAADPPFNSILFALLAAAAAAAANFKSLSSTEFIPNLFAAAAANSTNITAVVRAQGLDAAAAATPDILPVVTRNLNAIAAAAAIALYLQQNWAAAAAATVKGMQSYAAAAADPYQVPFV,202,0.18
6,215,234,bepipred-3.0,AAALERGPPGPRRPPRGPPL,20,0.183
7,32,37,bepipred-3.0,TIPWTE,6,0.167
7,46,52,bepipred-3.0,VFDLEGI,7,0.17
7,61,67,bepipred-3.0,TDNEIFL,7,0.175
7,76,81,bepipred-3.0,SLWVGV,6,0.164
7,91,97,bepipred-3.0,AEPVDIP,7,0.169
7,119,127,bepipred-3.0,VEIPEFPFY,9,0.179
7,133,140,bepipred-3.0,KLPHWTPT,8,0.182
7,147,176,bepipred-3.0,PPMVEGAAAEGDDGDAAAAADPPFNSILFA,30,0.196
7,187,201,bepipred-3.0,NFKSLSSTEFIPNLF,15,0.19
7,205,219,bepipred-3.0,AASDREVRGSALYEA,15,0.193
7,229,241,bepipred-3.0,SFVTNTTVGIELP,13,0.192
7,247,286,bepipred-3.0,CPSLDVDSIIPRTPDVLHEDAAAAADGKNKETFHERADSF,40,0.223
7,292,325,bepipred-3.0,VFSDEIPASQDMPTNTAAAAAGEGNWTSLDGGTF,34,0.215
8,15,24,bepipred-3.0,GSYTIPWTEL,10,0.173
8,46,51,bepipred-3.0,SLWVGV,6,0.165
8,73,80,bepipred-3.0,VFDLEGIF,8,0.165
8,87,94,bepipred-3.0,KLPHWTPT,8,0.174
8,101,108,bepipred-3.0,VEIPEFPF,8,0.17
8,115,123,bepipred-3.0,GTDNEIFLT,9,0.178
8,132,137,bepipred-3.0,AEPVDI,6,0.166
8,145,157,bepipred-3.0,ASDREVRGSALYE,13,0.185
8,169,180,bepipred-3.0,FVTNTTVGIELP,12,0.183
8,184,198,bepipred-3.0,AADPPFNSILFALLA,15,0.174
8,205,281,bepipred-3.0,ANFKSLSSTEFIPNLFAAAAAPPMVEGAAAEGDDGDAAAAAVFSDEIPASQDMPTNTAAAAADGKNKETFHERADSF,77,0.201
8,288,323,bepipred-3.0,PSLDVDSIIPRTPDVLHEDAAAAAGEGNWTSLDGGT,36,0.197
9,4,238,bepipred-3.0,HALSGGSAPTGSWFSAPQPAPENAYQAYAAPQLFPVSDITQNQQTNQAGGEAPQPGDNSTVQEAAAKGPGTGPGNGLGEKGDTSGPEGSGGSGPQRRGGDNHGRGRGRGRGRGGGRPGAPGGSGSGPRHRDGVRRPQKRPSCIGCKGTHGGTGAGAGAGGAGAGGAGAGGGAGAGGGAGGAGGAGGAGAGGGAGAGGGAGGAGGAGAGGGAGAEAAAKRVLSVVVLLGPGPGTMF,235,0.238
9,240,307,bepipred-3.0,VSVAFGPGPGACMLSAPLEKGPGPGLPQGQLTAYGPGPGFLDKGTYTLGPGPGSLEREDRDAWHLPAE,68,0.187
10,4,308,bepipred-3.0,HALSGGSAPTGSWFSAPQPAPENAYQAYAAPQLFPVSDITQNQQTNQAGGEAPQPGDNSTVQEAAAKGPGTGPGNGLGEKGDTSGPEGSGGSGPQRRGGDNHGRGRGRGRGRGGGRPGAPGGSGSGPRHRDGVRRPQKRPSCIGCKGTHGGTGAGAGAGGAGAGGAGAGGGAGAGGGAGGAGGAGGAGAGGGAGAGGGAGGAGGAGAGGGAGAEAAAKRVLSVVVLLGPGPGTMFEVSVAFGPGPGACMLSAPLEKGPGPGLPQGQLTAYGPGPGFLDKGTYTLGPGPGLTPHTKAVYQPRGAFG,305,0.227
11,3,308,bepipred-3.0,PHALSGGSPEPLPQGQLTEAAAKGPGTGPGNGLGEKGDTSGPEGSGGSGPQRRGGDNHGRGRGRGRGRGGGRPGAPGGSGSGPRHRDGVRRPQKRPSCIGCKGTHGGTGAGAGAGGAGAGGAGAGGGAGAGGGAGGAGGAGGAGAGGGAGAGGGAGGAGGAGAGGGAGAEAAAKRVLSVVVLLGPGPGTMFEVSVAFGPGPGACMLSAPLEKGPGPGLPQGQLTAYGPGPGFLDKGTYTLGPGPGPLEKQLFYYIGTMLPNTRPHEAAAKPPMVEGAAAEGDDGDGPGPGSDREVRGSALYEASTG,306,0.23
12,3,308,bepipred-3.0,PHALSGGSPEPLPQGQLTEAAAKGPGTGPGNGLGEKGDTSGPEGSGGSGPQRRGGDNHGRGRGRGRGRGGGRPGAPGGSGSGPRHRDGVRRPQKRPSCIGCKGTHGGTGAGAGAGGAGAGGAGAGGGAGAGGGAGGAGGAGGAGAGGGAGAGGGAGGAGGAGAGGGAGAEAAAKRVLSVVVLLGPGPGTMFEVSVAFGPGPGACMLSAPLEKGPGPGLPQGQLTAYGPGPGFLDKGTYTLGPGPGAPTGSWFSAPQPAPENAYQAYAAPQLFPVSDITQNQQTNQAGGEAPQPGDNSTVQEAAAKP,306,0.232
13,3,307,bepipred-3.0,PHALSGGSPEPLPQGQLTEAAAKGPGTGPGNGLGEKGDTSGPEGSGGSGPQRRGGDNHGRGRGRGRGRGGGRPGAPGGSGSGPRHRDGVRRPQKRPSCIGCKGTHGGTGAGAGAGGAGAGGAGAGGGAGAGGGAGGAGGAGGAGAGGGAGAGGGAGGAGGAGAGGGAGAEAAAKRVLSVVVLLGPGPGTMFEVSVAFGPGPGACMLSAPLEKGPGPGLPQGQLTAYGPGPGFLDKGTYTLGPGPGNTTVGIELPDAFKCEAAAKPPMVEGAAAEGDDGDGPGPGSDREVRGSALYEASTGPGPGE,305,0.231
14,3,309,bepipred-3.0,PHALSGGSPEPLPQGQLTEAAAKGPGTGPGNGLGEKGDTSGPEGSGGSGPQRRGGDNHGRGRGRGRGRGGGRPGAPGGSGSGPRHRDGVRRPQKRPSCIGCKGTHGGTGAGAGAGGAGAGGAGAGGGAGAGGGAGGAGGAGGAGAGGGAGAGGGAGGAGGAGAGGGAGAEAAAKRVLSVVVLLGPGPGTMFEVSVAFGPGPGACMLSAPLEKGPGPGLPQGQLTAYGPGPGFLDKGTYTLGPGPGNKCSQGAVAGEPRQIPKIQNFTRTQKSCIEAAAKPPMVEGAAAEGDDGDGPGPGSDREVRGS,307,0.238
15,4,315,bepipred-3.0,VAAWTLKAAAGGSANQGQQLADIGVPQPAPVAAPARRTRKPQQPESLEECDSELEIKRYKNRVASEAAAKGPGTGPGNGLGEKGDTSGPEGSGGSGPQRRGGDNHGRGRGRGRGRGGGRPGAPGGSGSGPRHRDGVRRPQKRPSCIGCKGTHGGTGAGAGAGGAGAGGAGAGGGAGAGGGAGGAGGAGGAGAGGGAGAGGGAGGAGGAGAGGGAGAEAAAKRVLSVVVLLGPGPGTMFEVSVAFGPGPGACMLSAPLEKGPGPGLPQGQLTAYGPGPGFLDKGTYTLGPGPGELRLNVTTQGPEAAAKPPMV,312,0.234
16,15,24,bepipred-3.0,GSYTIPWTEL,10,0.173
16,46,51,bepipred-3.0,SLWVGV,6,0.165
16,73,80,bepipred-3.0,VFDLEGIF,8,0.165
16,87,94,bepipred-3.0,KLPHWTPT,8,0.174
16,101,108,bepipred-3.0,VEIPEFPF,8,0.17
16,115,123,bepipred-3.0,GTDNEIFLT,9,0.178
16,132,137,bepipred-3.0,AEPVDI,6,0.166
16,145,157,bepipred-3.0,ASDREVRGSALYE,13,0.185
16,169,180,bepipred-3.0,FVTNTTVGIELP,12,0.183
16,184,198,bepipred-3.0,AADPPFNSILFALLA,15,0.174
16,205,281,bepipred-3.0,ANFKSLSSTEFIPNLFAAAAAPPMVEGAAAEGDDGDAAAAAVFSDEIPASQDMPTNTAAAAADGKNKETFHERADSF,77,0.201
16,288,323,bepipred-3.0,PSLDVDSIIPRTPDVLHEDAAAAAGEGNWTSLDGGT,36,0.197
