Position,Residue,Start,End,Peptide,Score
4,R,1,7,MTRRRVL,0.998
5,R,2,8,TRRRVLS,1.025
6,V,3,9,RRRVLSV,1.092
7,L,4,10,RRVLSVV,1.165
8,S,5,11,RVLSVVV,1.238
9,V,6,12,VLSVVVL,1.292
10,V,7,13,LSVVVLL,1.273
11,V,8,14,SVVVLLA,1.246
12,L,9,15,VVVLLAA,1.254
13,L,10,16,VVLLAAL,1.235
14,A,11,17,VLLAALA,1.189
15,A,12,18,LLAALAC,1.193
16,L,13,19,LAALACR,1.14
17,A,14,20,AALACRL,1.14
18,C,15,21,ALACRLG,1.112
19,R,16,22,LACRLGA,1.112
20,L,17,23,ACRLGAQ,1.079
21,G,18,24,CRLGAQT,1.057
22,A,19,25,RLGAQTP,1.007
23,Q,20,26,LGAQTPE,1.004
24,T,21,27,GAQTPEQ,0.97
25,P,22,28,AQTPEQP,0.997
26,E,23,29,QTPEQPA,0.997
27,Q,24,30,TPEQPAP,1.004
28,P,25,31,PEQPAPP,1.027
29,A,26,32,EQPAPPA,1.027
30,P,27,33,QPAPPAT,1.035
31,P,28,34,PAPPATT,1.02
32,A,29,35,APPATTV,1.065
33,T,30,36,PPATTVQ,1.058
34,T,31,37,PATTVQP,1.058
35,V,32,38,ATTVQPT,1.036
36,Q,33,39,TTVQPTA,1.036
37,P,34,40,TVQPTAT,1.036
38,T,35,41,VQPTATR,1.031
39,A,36,42,QPTATRQ,0.978
40,T,37,43,PTATRQQ,0.978
41,R,38,44,TATRQQT,0.956
42,Q,39,45,ATRQQTS,0.971
43,Q,40,46,TRQQTSF,0.975
44,T,41,47,RQQTSFP,0.997
45,S,42,48,QQTSFPF,1.028
46,F,43,49,QTSFPFR,1.008
47,P,44,50,TSFPFRV,1.06
48,F,45,51,SFPFRVC,1.132
49,R,46,52,FPFRVCE,1.109
50,V,47,53,PFRVCEL,1.132
51,C,48,54,FRVCELS,1.125
52,E,49,55,RVCELSS,1.113
53,L,50,56,VCELSSH,1.146
54,S,51,57,CELSSHG,1.074
55,S,52,58,ELSSHGD,0.996
56,H,53,59,LSSHGDL,1.053
57,G,54,60,SSHGDLF,1.03
58,D,55,61,SHGDLFR,1.01
59,L,56,62,HGDLFRF,1.021
60,F,57,63,GDLFRFS,1.008
61,R,58,64,DLFRFSS,1.028
62,F,59,65,LFRFSSD,1.028
63,S,60,66,FRFSSDI,1.014
64,S,61,67,RFSSDIQ,1.003
65,D,62,68,FSSDIQC,1.08
66,I,63,69,SSDIQCP,1.076
67,Q,64,70,SDIQCPS,1.076
68,C,65,71,DIQCPSF,1.087
69,P,66,72,IQCPSFG,1.089
70,S,67,73,QCPSFGT,1.054
71,F,68,74,CPSFGTR,1.034
72,G,69,75,PSFGTRE,0.953
73,T,70,76,SFGTREN,0.912
74,R,71,77,FGTRENH,0.926
75,E,72,78,GTRENHT,0.9
76,N,73,79,TRENHTE,0.896
77,H,74,80,RENHTEG,0.891
78,T,75,81,ENHTEGL,0.945
79,E,76,82,NHTEGLL,1.002
80,G,77,83,HTEGLLM,1.009
81,L,78,84,TEGLLMV,1.049
82,L,79,85,EGLLMVF,1.075
83,M,80,86,GLLMVFK,1.086
84,V,81,87,LLMVFKD,1.085
85,F,82,88,LMVFKDN,1.017
86,K,83,89,MVFKDNI,1.003
87,D,84,90,VFKDNII,1.05
88,N,85,91,FKDNIIP,1.004
89,I,86,92,KDNIIPY,1.014
90,I,87,93,DNIIPYS,1.026
91,P,88,94,NIIPYSF,1.058
92,Y,89,95,IIPYSFK,1.08
93,S,90,96,IPYSFKV,1.113
94,F,91,97,PYSFKVR,1.073
95,K,92,98,YSFKVRS,1.066
96,V,93,99,SFKVRSY,1.066
97,R,94,100,FKVRSYT,1.051
98,S,95,101,KVRSYTK,1.028
99,Y,96,102,VRSYTKI,1.06
100,T,97,103,RSYTKIV,1.06
101,K,98,104,SYTKIVT,1.065
102,I,99,105,YTKIVTN,1.031
103,V,100,106,TKIVTNI,1.03
104,T,101,107,KIVTNIL,1.079
105,N,102,108,IVTNILI,1.111
106,I,103,109,VTNILIY,1.112
107,L,104,110,TNILIYN,1.025
108,I,105,111,NILIYNG,1.02
109,Y,106,112,ILIYNGW,1.037
110,N,107,113,LIYNGWY,1.038
111,G,108,114,IYNGWYA,1.012
112,W,109,115,YNGWYAD,0.971
113,Y,110,116,NGWYADS,0.949
114,A,111,117,GWYADSV,1.036
115,D,112,118,WYADSVT,1.041
116,S,113,119,YADSVTN,1.024
117,V,114,120,ADSVTNR,0.983
118,T,115,121,DSVTNRH,0.989
119,N,116,122,SVTNRHE,0.987
120,R,117,123,VTNRHEE,0.964
121,H,118,124,TNRHEEK,0.899
122,E,119,125,NRHEEKF,0.925
123,E,120,126,RHEEKFS,0.959
124,K,121,127,HEEKFSV,1.032
125,F,122,128,EEKFSVD,0.998
126,S,123,129,EKFSVDS,1.021
127,V,124,130,KFSVDSY,1.065
128,D,125,131,FSVDSYE,1.054
129,S,126,132,SVDSYET,1.028
130,Y,127,133,VDSYETD,1.007
131,E,128,134,DSYETDQ,0.954
132,T,129,135,SYETDQM,0.949
133,D,130,136,YETDQMD,0.928
134,Q,131,137,ETDQMDT,0.892
135,M,132,138,TDQMDTI,0.935
136,D,133,139,DQMDTIY,0.971
137,T,134,140,QMDTIYQ,0.992
138,I,135,141,MDTIYQC,1.049
139,Y,136,142,DTIYQCY,1.097
140,Q,137,143,TIYQCYN,1.084
141,C,138,144,IYQCYNA,1.106
142,Y,139,145,YQCYNAV,1.139
143,N,140,146,QCYNAVK,1.106
144,A,141,147,CYNAVKM,1.079
145,V,142,148,YNAVKMT,1.007
146,K,143,149,NAVKMTK,0.974
147,M,144,150,AVKMTKD,0.987
148,T,145,151,VKMTKDG,0.96
149,K,146,152,KMTKDGL,0.941
150,D,147,153,MTKDGLT,0.938
151,G,148,154,TKDGLTR,0.944
152,L,149,155,KDGLTRV,1.012
153,T,150,156,DGLTRVY,1.045
154,R,151,157,GLTRVYV,1.119
155,V,152,158,LTRVYVD,1.118
156,Y,153,159,TRVYVDR,1.064
157,V,154,160,RVYVDRD,1.058
158,D,155,161,VYVDRDG,1.058
159,R,156,162,YVDRDGV,1.058
160,D,157,163,VDRDGVN,1.003
161,G,158,164,DRDGVNI,0.97
162,V,159,165,RDGVNIT,0.976
163,N,160,166,DGVNITV,1.049
164,I,161,167,GVNITVN,1.036
165,T,162,168,VNITVNL,1.09
166,V,163,169,NITVNLK,1.025
167,N,164,170,ITVNLKP,1.066
168,L,165,171,TVNLKPT,1.032
169,K,166,172,VNLKPTG,1.027
170,P,167,173,NLKPTGG,0.954
171,T,168,174,LKPTGGL,1.022
172,G,169,175,KPTGGLA,0.995
173,G,170,176,PTGGLAN,0.973
174,L,171,177,TGGLANG,0.946
175,A,172,178,GGLANGV,1.014
176,N,173,179,GLANGVR,1.013
177,G,174,180,LANGVRR,1.013
178,V,175,181,ANGVRRY,1.001
179,R,176,182,NGVRRYA,1.001
180,R,177,183,GVRRYAS,1.034
181,Y,178,184,VRRYASQ,1.054
182,A,179,185,RRYASQT,0.987
183,S,180,186,RYASQTE,0.984
184,Q,181,187,YASQTEL,1.037
185,T,182,188,ASQTELY,1.037
186,E,183,189,SQTELYD,1.009
187,L,184,190,QTELYDA,1.017
188,Y,185,191,TELYDAP,1.024
189,D,186,192,ELYDAPG,1.019
190,A,187,193,LYDAPGW,1.025
191,P,188,194,YDAPGWL,1.025
192,G,189,195,DAPGWLI,1.023
193,W,190,196,APGWLIW,1.027
194,L,191,197,PGWLIWT,1.005
195,I,192,198,GWLIWTY,1.019
196,W,193,199,WLIWTYR,1.019
197,T,194,200,LIWTYRT,1.021
198,Y,195,201,IWTYRTR,0.967
199,R,196,202,WTYRTRT,0.932
200,T,197,203,TYRTRTT,0.935
201,R,198,204,YRTRTTV,1.002
202,T,199,205,RTRTTVN,0.947
203,T,200,206,TRTTVNC,1.024
204,V,201,207,RTTVNCL,1.073
205,N,202,208,TTVNCLI,1.113
206,C,203,209,TVNCLIT,1.113
207,L,204,210,VNCLITD,1.107
208,I,205,211,NCLITDM,1.027
209,T,206,212,CLITDMM,1.034
210,D,207,213,LITDMMA,0.985
211,M,208,214,ITDMMAK,0.939
212,M,209,215,TDMMAKS,0.919
213,A,210,216,DMMAKSN,0.9
214,K,211,217,MMAKSNS,0.921
215,S,212,218,MAKSNSP,0.955
216,N,213,219,AKSNSPF,0.993
217,S,214,220,KSNSPFD,0.964
218,P,215,221,SNSPFDF,0.987
219,F,216,222,NSPFDFF,0.999
220,D,217,223,SPFDFFV,1.085
221,F,218,224,PFDFFVT,1.071
222,F,219,225,FDFFVTT,1.049
223,V,220,226,DFFVTTT,1.023
224,T,221,227,FFVTTTG,1.024
225,T,222,228,FVTTTGQ,1.013
226,T,223,229,VTTTGQT,0.987
227,G,224,230,TTTGQTV,0.987
228,Q,225,231,TTGQTVE,0.979
229,T,226,232,TGQTVEM,0.967
230,V,227,233,GQTVEMS,0.981
231,E,228,234,QTVEMSP,1.009
232,M,229,235,TVEMSPF,1.019
233,S,230,236,VEMSPFY,1.055
234,P,231,237,EMSPFYD,0.982
235,F,232,238,MSPFYDG,0.985
236,Y,233,239,SPFYDGK,1.0
237,D,234,240,PFYDGKN,0.966
238,G,235,241,FYDGKNK,0.947
239,K,236,242,YDGKNKE,0.913
240,N,237,243,DGKNKET,0.877
241,K,238,244,GKNKETF,0.909
242,E,239,245,KNKETFH,0.942
243,T,240,246,NKETFHE,0.93
244,F,241,247,KETFHER,0.944
245,H,242,248,ETFHERA,0.963
246,E,243,249,TFHERAD,0.966
247,R,244,250,FHERADS,0.98
248,A,245,251,HERADSF,0.98
249,D,246,252,ERADSFH,0.98
250,S,247,253,RADSFHV,1.056
251,F,248,254,ADSFHVR,1.056
252,H,249,255,DSFHVRT,1.034
253,V,250,256,SFHVRTN,1.021
254,R,251,257,FHVRTNY,1.043
255,T,252,258,HVRTNYK,1.02
256,N,253,259,VRTNYKI,1.026
257,Y,254,260,RTNYKIV,1.026
258,K,255,261,TNYKIVD,1.025
259,I,256,262,NYKIVDY,1.061
260,V,257,263,YKIVDYD,1.074
261,D,258,264,KIVDYDN,1.019
262,Y,259,265,IVDYDNR,1.011
263,D,260,266,VDYDNRG,0.971
264,N,261,267,DYDNRGT,0.904
265,R,262,268,YDNRGTN,0.891
266,G,263,269,DNRGTNP,0.877
267,T,264,270,NRGTNPQ,0.898
268,N,265,271,RGTNPQG,0.912
269,P,266,272,GTNPQGE,0.909
270,Q,267,273,TNPQGER,0.909
271,G,268,274,NPQGERR,0.904
272,E,269,275,PQGERRA,0.945
273,R,270,276,QGERRAF,0.949
274,R,271,277,GERRAFL,0.982
275,A,272,278,ERRAFLD,0.981
276,F,273,279,RRAFLDK,0.992
277,L,274,280,RAFLDKG,0.993
278,D,275,281,AFLDKGT,0.998
279,K,276,282,FLDKGTY,1.012
280,G,277,283,LDKGTYT,0.986
281,T,278,284,DKGTYTL,0.986
282,Y,279,285,KGTYTLS,1.006
283,T,280,286,GTYTLSW,1.001
284,L,281,287,TYTLSWK,1.009
285,S,282,288,YTLSWKL,1.058
286,W,283,289,TLSWKLE,1.014
287,K,284,290,LSWKLEN,0.995
288,L,285,291,SWKLENR,0.941
289,E,286,292,WKLENRT,0.926
290,N,287,293,KLENRTA,0.95
291,R,288,294,LENRTAY,0.983
292,T,289,295,ENRTAYC,1.007
293,A,290,296,NRTAYCP,1.037
294,Y,291,297,RTAYCPL,1.105
295,C,292,298,TAYCPLQ,1.125
296,P,293,299,AYCPLQH,1.153
297,L,294,300,YCPLQHW,1.129
298,Q,295,301,CPLQHWQ,1.108
299,H,296,302,PLQHWQT,1.036
300,W,297,303,LQHWQTF,1.04
301,Q,298,304,QHWQTFD,0.985
302,T,299,305,HWQTFDS,0.984
303,F,300,306,WQTFDST,0.956
304,D,301,307,QTFDSTI,0.993
305,S,302,308,TFDSTIA,1.0
306,T,303,309,FDSTIAT,1.0
307,I,304,310,DSTIATE,0.966
308,A,305,311,STIATET,0.972
309,T,306,312,TIATETG,0.953
310,E,307,313,IATETGK,0.956
311,T,308,314,ATETGKS,0.936
312,G,309,315,TETGKSI,0.948
313,K,310,316,ETGKSIH,0.976
314,S,311,317,TGKSIHF,1.01
315,I,312,318,GKSIHFV,1.078
316,H,313,319,KSIHFVT,1.083
317,F,314,320,SIHFVTD,1.074
318,V,315,321,IHFVTDE,1.051
319,T,316,322,HFVTDEG,1.011
320,D,317,323,FVTDEGT,0.983
321,E,318,324,VTDEGTS,0.972
322,G,319,325,TDEGTSS,0.919
323,T,320,326,DEGTSSF,0.945
324,S,321,327,EGTSSFV,1.019
325,S,322,328,GTSSFVT,1.027
326,F,323,329,TSSFVTN,1.013
327,V,324,330,SSFVTNT,1.013
328,T,325,331,SFVTNTT,0.998
329,N,326,332,FVTNTTV,1.051
330,T,327,333,VTNTTVG,1.02
331,T,328,334,TNTTVGI,0.987
332,V,329,335,NTTVGIE,0.979
333,G,330,336,TTVGIEL,1.047
334,I,331,337,TVGIELP,1.069
335,E,332,338,VGIELPD,1.063
336,L,333,339,GIELPDA,1.017
337,P,334,340,IELPDAF,1.048
338,D,335,341,ELPDAFK,1.017
339,A,336,342,LPDAFKC,1.097
340,F,337,343,PDAFKCI,1.083
341,K,338,344,DAFKCIE,1.052
342,C,339,345,AFKCIEE,1.05
343,I,340,346,FKCIEEQ,1.043
344,E,341,347,KCIEEQV,1.085
345,E,342,348,CIEEQVN,1.063
346,Q,343,349,IEEQVNK,0.994
347,V,344,350,EEQVNKT,0.959
348,N,345,351,EQVNKTM,0.956
349,K,346,352,QVNKTMH,0.992
350,T,347,353,VNKTMHE,0.969
351,M,348,354,NKTMHEK,0.904
352,H,349,355,KTMHEKY,0.959
353,E,350,356,TMHEKYE,0.948
354,K,351,357,MHEKYEA,0.97
355,Y,352,358,HEKYEAV,1.049
356,E,353,359,EKYEAVQ,1.036
357,A,354,360,KYEAVQD,1.039
358,V,355,361,YEAVQDR,1.03
359,Q,356,362,EAVQDRY,1.03
360,D,357,363,AVQDRYT,1.039
361,R,358,364,VQDRYTK,1.02
362,Y,359,365,QDRYTKG,0.947
363,T,360,366,DRYTKGQ,0.947
364,K,361,367,RYTKGQE,0.945
365,G,362,368,YTKGQEA,0.972
366,Q,363,369,TKGQEAI,0.971
367,E,364,370,KGQEAIT,0.971
368,A,365,371,GQEAITY,1.004
369,I,366,372,QEAITYF,1.035
370,T,367,373,EAITYFI,1.054
371,Y,368,374,AITYFIT,1.063
372,F,369,375,ITYFITS,1.055
373,I,370,376,TYFITSG,1.015
374,T,371,377,YFITSGG,1.01
375,S,372,378,FITSGGL,1.023
376,G,373,379,ITSGGLL,1.046
377,G,374,380,TSGGLLL,1.06
378,L,375,381,SGGLLLA,1.082
379,L,376,382,GGLLLAW,1.065
380,L,377,383,GLLLAWL,1.119
381,A,378,384,LLLAWLP,1.146
382,W,379,385,LLAWLPL,1.146
383,L,380,386,LAWLPLT,1.097
384,P,381,387,AWLPLTP,1.071
385,L,382,388,WLPLTPR,1.043
386,T,383,389,LPLTPRS,1.06
387,P,384,390,PLTPRSL,1.06
388,R,385,391,LTPRSLA,1.06
389,S,386,392,TPRSLAT,1.012
390,L,387,393,PRSLATV,1.079
391,A,388,394,RSLATVK,1.06
392,T,389,395,SLATVKN,1.046
393,V,390,396,LATVKNL,1.08
394,K,391,397,ATVKNLT,1.032
395,N,392,398,TVKNLTE,1.001
396,L,393,399,VKNLTEL,1.05
397,T,394,400,KNLTELT,0.982
398,E,395,401,NLTELTT,0.979
399,L,396,402,LTELTTP,1.02
400,T,397,403,TELTTPT,0.972
401,T,398,404,ELTTPTS,0.986
402,P,399,405,LTTPTSS,1.009
403,T,400,406,TTPTSSP,0.983
404,S,401,407,TPTSSPP,1.005
405,S,402,408,PTSSPPS,1.02
406,P,403,409,TSSPPSS,1.012
407,P,404,410,SSPPSSP,1.034
408,S,405,411,SPPSSPS,1.034
409,S,406,412,PPSSPSP,1.042
410,P,407,413,PSSPSPP,1.042
411,S,408,414,SSPSPPA,1.042
412,P,409,415,SPSPPAP,1.049
413,P,410,416,PSPPAPS,1.049
414,A,411,417,SPPAPSA,1.049
415,P,412,418,PPAPSAA,1.057
416,S,413,419,PAPSAAR,1.029
417,A,414,420,APSAARG,1.002
418,A,415,421,PSAARGS,0.995
419,R,416,422,SAARGST,0.973
420,G,417,423,AARGSTP,0.98
421,S,418,424,ARGSTPA,0.98
422,T,419,425,RGSTPAA,0.98
423,P,420,426,GSTPAAV,1.053
424,A,421,427,STPAAVL,1.107
425,A,422,428,TPAAVLR,1.087
426,V,423,429,PAAVLRR,1.082
427,L,424,430,AAVLRRR,1.054
428,R,425,431,AVLRRRR,1.027
429,R,426,432,VLRRRRR,1.0
430,R,427,433,LRRRRRD,0.926
431,R,428,434,RRRRRDA,0.899
432,R,429,435,RRRRDAG,0.899
433,D,430,436,RRRDAGN,0.886
434,A,431,437,RRDAGNA,0.913
435,G,432,438,RDAGNAT,0.918
436,N,433,439,DAGNATT,0.923
437,A,434,440,AGNATTP,0.951
438,T,435,441,GNATTPV,0.997
439,T,436,442,NATTPVP,1.024
440,P,437,443,ATTPVPP,1.065
441,V,438,444,TTPVPPT,1.043
442,P,439,445,TPVPPTA,1.065
443,P,440,446,PVPPTAP,1.087
444,T,441,447,VPPTAPG,1.06
445,A,442,448,PPTAPGK,0.996
446,P,443,449,PTAPGKS,0.988
447,G,444,450,TAPGKSL,1.015
448,K,445,451,APGKSLG,1.01
449,S,446,452,PGKSLGT,0.988
450,L,447,453,GKSLGTL,1.014
451,G,448,454,KSLGTLN,1.0
452,T,449,455,SLGTLNN,0.978
453,L,450,456,LGTLNNP,0.986
454,N,451,457,GTLNNPA,0.959
455,N,452,458,TLNNPAT,0.964
456,P,453,459,LNNPATV,1.032
457,A,454,460,NNPATVQ,0.998
458,T,455,461,NPATVQI,1.052
459,V,456,462,PATVQIQ,1.086
460,Q,457,463,ATVQIQF,1.09
461,I,458,464,TVQIQFA,1.09
462,Q,459,465,VQIQFAY,1.126
463,F,460,466,QIQFAYD,1.052
464,A,461,467,IQFAYDS,1.052
465,Y,462,468,QFAYDSL,1.066
466,D,463,469,FAYDSLR,1.045
467,S,464,470,AYDSLRR,1.014
468,L,465,471,YDSLRRQ,1.007
469,R,466,472,DSLRRQI,1.006
470,R,467,473,SLRRQIN,0.993
471,Q,468,474,LRRQINR,0.973
472,I,469,475,RRQINRM,0.913
473,N,470,476,RQINRML,0.966
474,R,471,477,QINRMLG,0.967
475,M,472,478,INRMLGD,0.945
476,L,473,479,NRMLGDL,0.959
477,G,474,480,RMLGDLA,1.0
478,D,475,481,MLGDLAR,1.0
479,L,476,482,LGDLARA,1.034
480,A,477,483,GDLARAW,0.983
481,R,478,484,DLARAWC,1.06
482,A,479,485,LARAWCL,1.115
483,W,480,486,ARAWCLE,1.058
484,C,481,487,RAWCLEQ,1.051
485,L,482,488,AWCLEQK,1.059
486,E,483,489,WCLEQKR,1.032
487,Q,484,490,CLEQKRQ,1.049
488,K,485,491,LEQKRQN,0.959
489,R,486,492,EQKRQNM,0.898
490,Q,487,493,QKRQNMV,0.974
491,N,488,494,KRQNMVL,1.008
492,M,489,495,RQNMVLR,0.999
493,V,490,496,QNMVLRE,0.996
494,L,491,497,NMVLREL,1.03
495,R,492,498,MVLRELT,1.049
496,E,493,499,VLRELTK,1.064
497,L,494,500,LRELTKI,1.031
498,T,495,501,RELTKIN,0.963
499,K,496,502,ELTKINP,0.99
500,I,497,503,LTKINPT,0.999
501,N,498,504,TKINPTT,0.95
502,P,499,505,KINPTTV,1.018
503,T,500,506,INPTTVM,1.003
504,T,501,507,NPTTVMS,0.983
505,V,502,508,PTTVMSS,1.016
506,M,503,509,TTVMSSI,1.029
507,S,504,510,TVMSSIY,1.065
508,S,505,511,VMSSIYG,1.06
509,I,506,512,MSSIYGK,0.995
510,Y,507,513,SSIYGKA,1.029
511,G,508,514,SIYGKAV,1.082
512,K,509,515,IYGKAVA,1.09
513,A,510,516,YGKAVAA,1.077
514,V,511,517,GKAVAAK,1.044
515,A,512,518,KAVAAKR,1.044
516,A,513,519,AVAAKRL,1.09
517,K,514,520,VAAKRLG,1.063
518,R,515,521,AAKRLGD,0.989
519,L,516,522,AKRLGDV,1.034
520,G,517,523,KRLGDVI,1.047
521,D,518,524,RLGDVIS,1.059
522,V,519,525,LGDVISV,1.131
523,I,520,526,GDVISVS,1.097
524,S,521,527,DVISVSQ,1.118
525,V,522,528,VISVSQC,1.196
526,S,523,529,ISVSQCV,1.196
527,Q,524,530,SVSQCVP,1.183
528,C,525,531,VSQCVPV,1.236
529,V,526,532,SQCVPVN,1.149
530,P,527,533,QCVPVNQ,1.15
531,V,528,534,CVPVNQA,1.157
532,N,529,535,VPVNQAT,1.085
533,Q,530,536,PVNQATV,1.085
534,A,531,537,VNQATVT,1.063
535,T,532,538,NQATVTL,1.044
536,V,533,539,QATVTLR,1.058
537,T,534,540,ATVTLRK,1.045
538,L,535,541,TVTLRKS,1.038
539,R,536,542,VTLRKSM,1.026
540,K,537,543,TLRKSMR,0.953
541,S,538,544,LRKSMRV,1.021
542,M,539,545,RKSMRVP,0.994
543,R,540,546,KSMRVPG,0.995
544,V,541,547,SMRVPGS,1.006
545,P,542,548,MRVPGSE,0.983
546,G,543,549,RVPGSET,0.995
547,S,544,550,VPGSETM,0.988
548,E,545,551,PGSETMC,0.993
549,T,546,552,GSETMCY,1.006
550,M,547,553,SETMCYS,1.026
551,C,548,554,ETMCYSR,1.006
552,Y,549,555,TMCYSRP,1.037
553,S,550,556,MCYSRPL,1.085
554,R,551,557,CYSRPLV,1.165
555,P,552,558,YSRPLVS,1.108
556,L,553,559,SRPLVSF,1.098
557,V,554,560,RPLVSFS,1.098
558,S,555,561,PLVSFSF,1.129
559,F,556,562,LVSFSFI,1.142
560,S,557,563,VSFSFIN,1.074
561,F,558,564,SFSFIND,1.0
562,I,559,565,FSFINDT,0.985
563,N,560,566,SFINDTK,0.962
564,D,561,567,FINDTKT,0.948
565,T,562,568,INDTKTY,0.958
566,K,563,569,NDTKTYE,0.915
567,T,564,570,DTKTYEG,0.929
568,Y,565,571,TKTYEGQ,0.95
569,E,566,572,KTYEGQL,0.999
570,G,567,573,TYEGQLG,0.991
571,Q,568,574,YEGQLGT,0.991
572,L,569,575,EGQLGTD,0.948
573,G,570,576,GQLGTDN,0.938
574,T,571,577,QLGTDNE,0.934
575,D,572,578,LGTDNEI,0.954
576,N,573,579,GTDNEIF,0.931
577,E,574,580,TDNEIFL,0.985
578,I,575,581,DNEIFLT,0.985
579,F,576,582,NEIFLTK,0.994
580,L,577,583,EIFLTKK,1.016
581,T,578,584,IFLTKKM,1.013
582,K,579,585,FLTKKMT,0.978
583,K,580,586,LTKKMTE,0.944
584,M,581,587,TKKMTEV,0.963
585,T,582,588,KKMTEVC,1.034
586,E,583,589,KMTEVCQ,1.047
587,V,584,590,MTEVCQA,1.066
588,C,585,591,TEVCQAT,1.078
589,Q,586,592,EVCQATS,1.092
590,A,587,593,VCQATSQ,1.116
591,T,588,594,CQATSQY,1.084
592,S,589,595,QATSQYY,1.048
593,Q,590,596,ATSQYYF,1.059
594,Y,591,597,TSQYYFQ,1.052
595,Y,592,598,SQYYFQS,1.067
596,F,593,599,QYYFQSG,1.047
597,Q,594,600,YYFQSGN,1.013
598,S,595,601,YFQSGNE,0.969
599,G,596,602,FQSGNEI,0.967
600,N,597,603,QSGNEIH,0.969
601,E,598,604,SGNEIHV,1.022
602,I,599,605,GNEIHVY,1.043
603,H,600,606,NEIHVYN,1.029
604,V,601,607,EIHVYND,1.042
605,Y,602,608,IHVYNDY,1.086
606,N,603,609,HVYNDYH,1.08
607,D,604,610,VYNDYHH,1.08
608,Y,605,611,YNDYHHF,1.038
609,H,606,612,NDYHHFK,1.005
610,H,607,613,DYHHFKT,1.024
611,F,608,614,YHHFKTI,1.065
612,K,609,615,HHFKTIE,1.02
613,T,610,616,HFKTIEL,1.041
614,I,611,617,FKTIELD,1.007
615,E,612,618,KTIELDG,0.976
616,L,613,619,TIELDGI,1.008
617,D,614,620,IELDGIA,1.03
618,G,615,621,ELDGIAT,0.995
619,I,616,622,LDGIATL,1.052
620,A,617,623,DGIATLQ,1.019
621,T,618,624,GIATLQT,1.025
622,L,619,625,IATLQTF,1.056
623,Q,620,626,ATLQTFI,1.056
624,T,621,627,TLQTFIS,1.048
625,F,622,628,LQTFISL,1.097
626,I,623,629,QTFISLN,1.029
627,S,624,630,TFISLNT,1.014
628,L,625,631,FISLNTS,1.029
629,N,626,632,ISLNTSL,1.052
630,T,627,633,SLNTSLI,1.052
631,S,628,634,LNTSLIE,1.029
632,L,629,635,NTSLIEN,0.961
633,I,630,636,TSLIENI,1.015
634,E,631,637,SLIENID,1.008
635,N,632,638,LIENIDF,1.02
636,I,633,639,IENIDFA,0.993
637,D,634,640,ENIDFAS,0.973
638,F,635,641,NIDFASL,1.03
639,A,636,642,IDFASLE,1.041
640,S,637,643,DFASLEL,1.055
641,L,638,644,FASLELY,1.097
642,E,639,645,ASLELYS,1.086
643,L,640,646,SLELYSR,1.058
644,Y,641,647,LELYSRD,1.038
645,S,642,648,ELYSRDE,0.981
646,R,643,649,LYSRDEQ,1.004
647,D,644,650,YSRDEQR,0.95
648,E,645,651,SRDEQRA,0.936
649,Q,646,652,RDEQRAS,0.936
650,R,647,653,DEQRASN,0.922
651,A,648,654,EQRASNV,0.996
652,S,649,655,QRASNVF,1.031
653,N,650,656,RASNVFD,1.009
654,V,651,657,ASNVFDL,1.063
655,F,652,658,SNVFDLE,1.033
656,D,653,659,NVFDLEG,1.013
657,L,654,660,VFDLEGI,1.067
658,E,655,661,FDLEGIF,1.025
659,G,656,662,DLEGIFR,0.994
660,I,657,663,LEGIFRE,0.992
661,F,658,664,EGIFREY,0.979
662,R,659,665,GIFREYN,0.968
663,E,660,666,IFREYNF,0.999
664,Y,661,667,FREYNFQ,0.98
665,N,662,668,REYNFQA,0.976
666,F,663,669,EYNFQAQ,0.996
667,Q,664,670,YNFQAQN,0.985
668,A,665,671,NFQAQNI,0.984
669,Q,666,672,FQAQNIA,1.025
670,N,667,673,QAQNIAG,0.994
671,I,668,674,AQNIAGL,1.028
672,A,669,675,QNIAGLR,1.001
673,G,670,676,NIAGLRK,0.988
674,L,671,677,IAGLRKD,1.001
675,R,672,678,AGLRKDL,1.015
676,K,673,679,GLRKDLD,0.987
677,D,674,680,LRKDLDN,0.973
678,L,675,681,RKDLDNA,0.946
679,D,676,682,KDLDNAV,1.019
680,N,677,683,DLDNAVS,1.031
681,A,678,684,LDNAVSN,1.018
682,V,679,685,DNAVSNG,0.964
683,S,680,686,NAVSNGR,0.965
684,N,681,687,AVSNGRN,0.965
685,G,682,688,VSNGRNQ,0.958
686,R,683,689,SNGRNQF,0.917
687,N,684,690,NGRNQFV,0.97
688,Q,685,691,GRNQFVD,0.983
689,F,686,692,RNQFVDG,0.983
690,V,687,693,NQFVDGL,1.036
691,D,688,694,QFVDGLG,1.05
692,G,689,695,FVDGLGE,1.027
693,L,690,696,VDGLGEL,1.05
694,G,691,697,DGLGELM,0.97
695,E,692,698,GLGELMD,0.97
696,L,693,699,LGELMDS,0.99
697,M,694,700,GELMDSL,0.99
698,D,695,701,ELMDSLG,0.99
699,S,696,702,LMDSLGS,1.013
700,L,697,703,MDSLGSV,1.032
701,G,698,704,DSLGSVG,1.039
702,S,699,705,SLGSVGQ,1.06
703,V,700,706,LGSVGQS,1.06
704,G,701,707,GSVGQSI,1.046
705,Q,702,708,SVGQSIT,1.051
706,S,703,709,VGQSITN,1.017
707,I,704,710,GQSITNL,0.998
708,T,705,711,QSITNLV,1.071
709,N,706,712,SITNLVS,1.071
710,L,707,713,ITNLVST,1.056
711,V,708,714,TNLVSTV,1.089
712,S,709,715,NLVSTVG,1.084
713,T,710,716,LVSTVGG,1.098
714,V,711,717,VSTVGGL,1.098
715,G,712,718,STVGGLF,1.056
716,G,713,719,TVGGLFS,1.056
717,L,714,720,VGGLFSS,1.071
718,F,715,721,GGLFSSL,1.052
719,S,716,722,GLFSSLV,1.125
720,S,717,723,LFSSLVS,1.144
721,L,718,724,FSSLVSG,1.091
722,V,719,725,SSLVSGF,1.091
723,S,720,726,SLVSGFI,1.111
724,G,721,727,LVSGFIS,1.111
725,F,722,728,VSGFISF,1.088
726,I,723,729,SGFISFF,1.046
727,S,724,730,GFISFFK,1.034
728,F,725,731,FISFFKN,1.02
729,F,726,732,ISFFKNP,1.017
730,K,727,733,SFFKNPF,1.008
731,N,728,734,FFKNPFG,0.988
732,P,729,735,FKNPFGG,0.957
733,F,730,736,KNPFGGM,0.919
734,G,731,737,NPFGGML,0.965
735,G,732,738,PFGGMLI,1.019
736,M,733,739,FGGMLIL,1.045
737,L,734,740,GGMLILV,1.087
738,I,735,741,GMLILVL,1.141
739,L,736,742,MLILVLV,1.213
740,V,737,743,LILVLVA,1.247
741,L,738,744,ILVLVAG,1.194
742,V,739,745,LVLVAGV,1.227
743,A,740,746,VLVAGVV,1.246
744,G,741,747,LVAGVVI,1.213
745,V,742,748,VAGVVIL,1.213
746,V,743,749,AGVVILV,1.213
747,I,744,750,GVVILVI,1.225
748,L,745,751,VVILVIS,1.245
749,V,746,752,VILVISL,1.226
750,I,747,753,ILVISLT,1.158
751,S,748,754,LVISLTR,1.118
752,L,749,755,VISLTRR,1.065
753,T,750,756,ISLTRRT,0.997
754,R,751,757,SLTRRTR,0.957
755,R,752,758,LTRRTRQ,0.957
756,T,753,759,TRRTRQM,0.897
757,R,754,760,RRTRQMS,0.912
758,Q,755,761,RTRQMSQ,0.932
759,M,756,762,TRQMSQQ,0.952
760,S,757,763,RQMSQQP,0.974
761,Q,758,764,QMSQQPV,1.047
762,Q,759,765,MSQQPVQ,1.047
763,P,760,766,SQQPVQM,1.047
764,V,761,767,QQPVQML,1.081
765,Q,762,768,QPVQMLY,1.102
766,M,763,769,PVQMLYP,1.109
767,L,764,770,VQMLYPG,1.082
768,Y,765,771,QMLYPGI,1.049
769,P,766,772,MLYPGID,1.028
770,G,767,773,LYPGIDE,1.031
771,I,768,774,YPGIDEL,1.031
772,D,769,775,PGIDELA,1.017
773,E,770,776,GIDELAQ,1.01
774,L,771,777,IDELAQQ,1.03
775,A,772,778,DELAQQH,1.024
776,Q,773,779,ELAQQHA,1.052
777,Q,774,780,LAQQHAS,1.075
778,H,775,781,AQQHASG,1.021
779,A,776,782,QQHASGE,0.991
780,S,777,783,QHASGEG,0.971
781,G,778,784,HASGEGP,0.978
782,E,779,785,ASGEGPG,0.945
783,G,780,786,SGEGPGI,0.957
784,P,781,787,GEGPGIN,0.924
785,G,782,788,EGPGINP,0.951
786,I,783,789,GPGINPI,0.994
787,N,784,790,PGINPIS,1.013
788,P,785,791,GINPISK,0.994
789,I,786,792,INPISKT,0.999
790,S,787,793,NPISKTE,0.956
791,K,788,794,PISKTEL,1.024
792,T,789,795,ISKTELQ,1.017
793,E,790,796,SKTELQA,1.004
794,L,791,797,KTELQAI,1.024
795,Q,792,798,TELQAIM,1.01
796,A,793,799,ELQAIML,1.058
797,I,794,800,LQAIMLA,1.089
798,M,795,801,QAIMLAL,1.089
799,L,796,802,AIMLALH,1.102
800,A,797,803,IMLALHE,1.071
801,L,798,804,MLALHEQ,1.052
802,H,799,805,LALHEQN,1.044
803,E,800,806,ALHEQNQ,1.011
804,Q,801,807,LHEQNQE,0.98
805,N,802,808,HEQNQEQ,0.947
806,Q,803,809,EQNQEQK,0.922
807,E,804,810,QNQEQKR,0.925
808,Q,805,811,NQEQKRA,0.932
809,K,806,812,QEQKRAA,0.973
810,R,807,813,EQKRAAQ,0.973
811,A,808,814,QKRAAQR,0.976
812,A,809,815,KRAAQRA,0.983
813,Q,810,816,RAAQRAA,1.002
814,R,811,817,AAQRAAG,1.003
815,A,812,818,AQRAAGP,1.003
816,A,813,819,QRAAGPS,0.995
817,G,814,820,RAAGPSV,1.048
818,P,815,821,AAGPSVA,1.075
819,S,816,822,AGPSVAS,1.068
820,V,817,823,GPSVASR,1.04
821,A,818,824,PSVASRA,1.067
822,S,819,825,SVASRAL,1.094
823,R,820,826,VASRALQ,1.094
824,A,821,827,ASRALQA,1.049
825,L,822,828,SRALQAA,1.049
826,Q,823,829,RALQAAR,1.029
827,A,824,830,ALQAARD,1.028
828,A,825,831,LQAARDR,1.001
829,R,826,832,QAARDRF,0.978
830,D,827,833,AARDRFP,0.985
831,R,828,834,ARDRFPG,0.958
832,F,829,835,RDRFPGL,0.984
833,P,830,836,DRFPGLR,0.984
834,G,831,837,RFPGLRR,0.985
835,L,832,838,FPGLRRR,0.985
836,R,833,839,PGLRRRR,0.954
837,R,834,840,GLRRRRY,0.968
838,R,835,841,LRRRRYH,1.001
839,R,836,842,RRRRYHD,0.946
840,Y,837,843,RRRYHDP,0.974
841,H,838,844,RRYHDPE,0.97
842,D,839,845,RYHDPET,0.976
843,P,840,846,YHDPETA,1.003
844,E,841,847,HDPETAA,0.989
845,T,842,848,DPETAAA,0.983
846,A,843,849,PETAAAL,1.038
847,A,844,850,ETAAALL,1.065
848,A,845,851,TAAALLG,1.068
849,L,846,852,AAALLGE,1.06
850,L,847,853,AALLGEA,1.06
851,G,848,854,ALLGEAE,1.029
852,E,849,855,LLGEAET,1.007
853,A,850,856,LGEAETE,0.95
854,E,851,857,GEAETEF,0.927
