peptide,length,score
VTVTAFWAW,9,0.41056
YTIPWTELM,9,0.3623
NVFDLEGIFR,10,0.35964
GTDNEIFLTK,10,0.35131
ESLWVGVYR,9,0.32407
ALAEPVDIPAV,11,0.30323
IFLIGFALF,9,0.30006
VEIPEFPFY,9,0.29878
KLPHWTPTL,9,0.29451
SLEREDRDAW,10,0.29398
STIATETGK,9,0.26718
IPLINVTFI,9,0.26404
RVAAAAITW,9,0.262
MPTNTTDITY,10,0.23757
IELDGIATL,9,0.2327
TVMEIAGLY,9,0.2323
LVAGVVILV,9,0.2317
MLYPGIDEL,9,0.22314
HLDIEGHASHY,11,0.21923
LPVIVAPYL,9,0.21283
YEERAHVVL,9,0.21209
LPPWFPPMV,9,0.21089
ATNATTTTHK,10,0.20107
HPVGEADYF,9,0.19839
YLIPETVPY,9,0.19444
YGLERLAAM,9,0.19299
NAVDGFLGR,9,0.18936
DSFHVRTNY,9,0.18845
YNLRRGTAL,9,0.1864
VQAFDQATRVY,11,0.18174
REANVTEDL,9,0.18039
EIAGLYEER,9,0.17552
SPNVTVTAF,9,0.17172
TTPPYDDAETY,11,0.16885
ETLFIGSHV,9,0.15498
TPDILPVV,8,0.15472
TPIPGTGYAY,10,0.15448
NTREYTFSY,9,0.15263
RTFDITVSGL,10,0.14676
RMLGDLARAW,10,0.14467
HYANFHNYF,9,0.14302
STKPGEVNVTK,11,0.14097
TPVTVLTAV,9,0.13784
ALRLATVGY,9,0.13492
YLLEMLWRL,9,0.13289
SENATNLFL,9,0.12802
CTADVNVTI,9,0.12665
ITLLLIALW,9,0.12626
KIQNFTRTQK,10,0.12149
LAYFLPPRV,9,0.11624
SPLLGAVTV,9,0.11259
RPRYNATTYL,10,0.11202
LTMVAGAVW,9,0.11168
EVSVAFFKV,9,0.10894
RPPPGRRPF,9,0.10416
DSLRRQINR,9,0.09838
GEVLRGLAL,9,0.09804
SENDRLRLL,9,0.09738
RTRTTVNCL,9,0.09556
SEERPPTPY,9,0.08962
SLDGGTFKV,9,0.08364
GLIGGATSV,9,0.08323
QPAPPATTV,9,0.08301
TMFEVSVAF,9,0.08092
MTKDGLTRVY,10,0.07886
HWTPTLHTF,9,0.07878
LPDLRGPFSY,10,0.07114
NIDFASLELY,10,0.06958
SELEIKRY,8,0.06743
ETLTTMFEV,9,0.06526
HVLSLIFGK,9,0.06301
RPPRGPPL,8,0.06168
TELYDAPGW,9,0.06155
VPKPNVEVW,9,0.06002
HVYNDYHHF,9,0.05661
MVFLQTHIF,9,0.05564
QPAPENAYQAY,11,0.05246
ASYARYVLQK,10,0.04679
HSYVFYQLR,9,0.04662
SSYAAAQRK,9,0.04558
CPLQHWQTF,9,0.04477
QMDTIYQCY,9,0.04312
YQIFGSHCTY,10,0.04053
STSPVATPI,9,0.03845
TEWGSGNRTY,10,0.03817
TSGGLLLAW,9,0.03736
HPLFQPLHTV,10,0.03014
RGPPGPPRPPL,11,0.02952
SALYEASTTY,10,0.02799
NPATVQIQF,9,0.02756
TTNGTVMEI,9,0.01896
FTSPPVTTA,9,0.01864
DMFSRAVTM,9,0.01628
DPYQVPFV,8,0.0108
FPFYPTCNV,9,0.01074
VSTAPTGSW,9,0.00965
TQGPNLALY,9,0.00964
RQQTSFPFR,9,0.0096
DPHLPTLLL,9,0.00924
LPNTRPHSY,9,0.00756
SLVSGFISF,9,0.00579
TMHEKYEAV,9,0.00513
TPRPVSRFL,9,0.00219
TTAQATVPV,9,-0.00086
WPVDPPPPV,9,-0.00136
IEDPPFNSL,9,-0.00668
SYTKIVTNI,9,-0.00696
ASRALQAAR,9,-0.00779
TTVQPTATR,9,-0.02172
TTYITSQEV,9,-0.02447
AVYQPRGAF,9,-0.02838
REVRGSALY,9,-0.03071
GTYKRVTEK,9,-0.03768
TTHKVIFSK,9,-0.03888
AYQAYAAPQLF,11,-0.04031
RTNYKIVDY,9,-0.04274
SIYGKAVAAK,10,-0.04426
SLGGLLTMV,9,-0.04598
MTAASYARY,9,-0.04925
RYKNRVASR,9,-0.05089
VPGLSPEALW,10,-0.05127
FLSPVIMNK,9,-0.05136
GQLTPHTKAVY,11,-0.0519
KTKDLPDLR,9,-0.05668
VTDEGTSSF,9,-0.05879
RVLSVVVLL,9,-0.06265
GPSVASRAL,9,-0.06325
TPNATSPTL,9,-0.06734
NPFGGMLI,8,-0.06956
APASTGPTV,9,-0.07075
LPQGQLTAY,9,-0.07112
ELYSRDEQR,9,-0.07957
EAALLVCQY,9,-0.08358
CYSRPLVSF,9,-0.08468
APRPGTTSQA,10,-0.09432
TYGPVFMSL,9,-0.09462
HTKAVYQPR,9,-0.09815
MTNTLLSAW,9,-0.10104
SLSEVKLHL,9,-0.10621
LLAAVASSY,9,-0.10718
YTIQSLIHL,9,-0.11368
YETDQMDTIY,10,-0.11748
SINGDKFQY,9,-0.11828
QPKNATSAV,9,-0.11863
FLDKGTYTL,9,-0.1207
DANSPNVTV,9,-0.12794
RPSSNPETL,9,-0.12973
QPRFSNLSM,9,-0.13861
FLMGTYKRV,9,-0.14034
RTAYCPLQHW,10,-0.14362
SPSPPAPSA,9,-0.14485
AIKDLVMTK,9,-0.14514
ETGKSIHFV,9,-0.14612
ATSVLLSAY,9,-0.15016
HTFQVPQNY,9,-0.15034
RYASQTELY,9,-0.15201
EEKFSVDSY,9,-0.15238
QEYGDKEVKL,10,-0.15241
ACMLSAPLEK,10,-0.15246
QTVEMSPFY,9,-0.15354
RQIPKIQNF,9,-0.15422
NIIPYSFKV,9,-0.15449
YYFQSGNEI,9,-0.15472
AEMQNPVYL,9,-0.15762
APLEKQLFY,9,-0.16285
ELMAKVPGL,9,-0.17833
VPPTAPGKSL,10,-0.184
DASKVHPGV,9,-0.18961
RSKKLPINV,9,-0.1997
TSSKLRPRW,9,-0.2119
NPISKTEL,8,-0.21223
FTASVSTVV,9,-0.21242
VPVPPTSQPRF,11,-0.22002
TETDFKCKW,9,-0.22558
IALYLQQNW,9,-0.2287
RNLSTSHTY,9,-0.23802
TVMSSIYGK,9,-0.24261
ALYQLLSTA,9,-0.25594
QVNKTMHEK,9,-0.2608
EVCQATSQY,9,-0.26672
FYDGKNKETF,10,-0.27082
SQQPVQMLY,9,-0.27228
SPVTPSPSPW,10,-0.27598
APSGQKTAV,9,-0.27978
KFKQLLQHY,9,-0.28666
AVSEGSMQV,9,-0.29156
YVLQKLVL,8,-0.30576
NPTTVMSSI,9,-0.30972
DLASMLNRY,9,-0.31043
APGKSLGTL,9,-0.32626
ATSPQAPSGQK,11,-0.34517
VQNSILSSNY,10,-0.3489
DVISVSQCV,9,-0.36806
RPQKRPSCI,9,-0.38576
TTYLPPSTSSK,11,-0.3948
FVYGGSKTSLY,11,-0.41476
TYLSSSLFL,9,-0.42786
FLTKKMTEV,9,-0.48844
GEGGSSQKF,9,-0.49549
ATVKGMQSY,9,-0.53032
