Position,Residue,Score,Assignment,Protein_Source,Start,End,Peptide
904,E,1.014,,GP350,901.0,907.0,DDAETYV
903,A,0.983,,GP350,900.0,906.0,YDDAETY
902,D,0.969,,GP350,899.0,905.0,PYDDAET
901,D,0.991,,GP350,898.0,904.0,PPYDDAE
900,Y,0.999,,GP350,897.0,903.0,TPPYDDA
899,P,0.977,,GP350,896.0,902.0,TTPPYDD
898,P,1.019,,GP350,895.0,901.0,YTTPPYD
897,T,1.025,,GP350,894.0,900.0,TYTTPPY
896,T,1.017,,GP350,893.0,899.0,HTYTTPP
895,Y,1.01,,GP350,892.0,898.0,SHTYTTP
894,T,0.988,,GP350,891.0,897.0,TSHTYTT
893,H,1.002,,GP350,890.0,896.0,STSHTYT
892,S,1.051,,GP350,889.0,895.0,LSTSHTY
891,T,0.996,,GP350,888.0,894.0,NLSTSHT
890,S,0.991,,GP350,887.0,893.0,RNLSTSH
889,L,0.958,,GP350,886.0,892.0,RRNLSTS
888,N,0.969,,GP350,885.0,891.0,FRRNLST
887,R,0.991,,GP350,884.0,890.0,AFRRNLS
886,R,1.048,,GP350,883.0,889.0,CAFRRNL
885,F,0.994,,GP350,882.0,888.0,DCAFRRN
